example_id,step_index,verdict,error
gsm8k-106,1,True,
gsm8k-108,0,False,
gsm8k-108,1,False,
gsm8k-109,0,True,
gsm8k-109,1,False,
gsm8k-111,0,False,
gsm8k-111,1,False,
gsm8k-113,1,True,
gsm8k-113,2,True,
gsm8k-11,0,True,
gsm8k-11,1,True,
gsm8k-11,2,True,
gsm8k-124,0,False,
gsm8k-12,0,True,
gsm8k-12,1,False,
gsm8k-130,0,True,
gsm8k-130,1,True,
gsm8k-130,2,False,
gsm8k-133,0,True,
gsm8k-133,1,True,
gsm8k-133,2,True,
gsm8k-133,3,False,
gsm8k-134,0,False,
gsm8k-134,1,False,
gsm8k-140,0,True,
gsm8k-140,1,True,
gsm8k-140,2,False,
gsm8k-140,3,False,
gsm8k-145,0,True,
gsm8k-148,0,True,
gsm8k-148,1,True,
gsm8k-148,2,True,
gsm8k-155,0,True,
gsm8k-155,1,True,
gsm8k-155,2,True,
gsm8k-155,4,False,
gsm8k-162,0,True,
gsm8k-162,1,False,
gsm8k-169,0,True,
gsm8k-169,1,True,
gsm8k-169,2,True,
gsm8k-176,0,True,
gsm8k-176,1,True,
gsm8k-176,2,True,
gsm8k-176,3,True,
gsm8k-176,4,True,
gsm8k-176,5,False,
gsm8k-179,0,True,
gsm8k-184,0,True,
gsm8k-184,1,True,
gsm8k-184,2,False,
gsm8k-188,0,False,
gsm8k-199,0,True,
gsm8k-199,1,True,
gsm8k-199,2,False,
gsm8k-1,0,True,
gsm8k-1,1,False,
gsm8k-203,0,True,
gsm8k-203,1,True,
gsm8k-203,2,True,
gsm8k-203,3,True,
gsm8k-209,0,True,
gsm8k-209,1,True,
gsm8k-209,2,True,
gsm8k-209,4,True,
gsm8k-209,5,True,
gsm8k-209,6,True,
gsm8k-20,0,False,
gsm8k-210,0,True,
gsm8k-210,1,True,
gsm8k-210,2,False,
gsm8k-210,3,True,
gsm8k-210,4,True,
gsm8k-210,5,True,
gsm8k-21,0,True,
gsm8k-21,1,True,
gsm8k-21,2,True,
gsm8k-21,3,True,
gsm8k-21,4,True,
gsm8k-21,5,True,
gsm8k-220,0,True,
gsm8k-220,1,True,
gsm8k-220,2,True,
gsm8k-220,3,True,
gsm8k-222,0,True,
gsm8k-222,1,True,
gsm8k-222,2,True,
gsm8k-222,4,True,
gsm8k-223,0,True,
gsm8k-223,1,True,
gsm8k-223,2,False,
gsm8k-223,3,True,
gsm8k-224,0,True,
gsm8k-224,2,True,
gsm8k-224,3,True,
gsm8k-224,4,True,
gsm8k-224,5,True,
gsm8k-226,0,True,
gsm8k-226,1,True,
gsm8k-226,2,True,
gsm8k-226,3,True,
gsm8k-226,4,True,
gsm8k-226,5,True,
gsm8k-233,0,True,
gsm8k-233,1,True,
gsm8k-233,2,True,
gsm8k-233,4,True,
gsm8k-233,5,True,
gsm8k-243,0,True,
gsm8k-243,1,True,
gsm8k-243,2,True,
gsm8k-243,3,True,
gsm8k-243,4,False,
gsm8k-243,5,False,
gsm8k-243,6,False,
gsm8k-246,0,True,
gsm8k-246,1,True,
gsm8k-246,2,True,
gsm8k-246,3,True,
gsm8k-246,4,True,
gsm8k-250,0,True,
gsm8k-250,1,True,
gsm8k-250,2,True,
gsm8k-250,3,True,
gsm8k-250,4,True,
gsm8k-257,0,True,
gsm8k-257,1,True,
gsm8k-257,2,True,
gsm8k-257,3,True,
gsm8k-25,0,True,
gsm8k-25,1,True,
gsm8k-25,2,True,
gsm8k-25,3,True,
gsm8k-266,0,True,
gsm8k-266,1,True,
gsm8k-266,2,True,
gsm8k-266,3,True,
gsm8k-271,0,True,
gsm8k-271,1,True,
gsm8k-271,2,True,
gsm8k-271,3,True,
gsm8k-271,4,True,
gsm8k-271,5,True,
gsm8k-274,0,True,
gsm8k-274,1,True,
gsm8k-274,2,True,
gsm8k-274,3,True,
gsm8k-282,0,True,
gsm8k-282,1,True,
gsm8k-282,2,True,
gsm8k-285,0,True,
gsm8k-285,1,True,
gsm8k-285,2,True,
gsm8k-285,3,True,
gsm8k-292,0,True,
gsm8k-292,1,True,
gsm8k-292,2,True,
gsm8k-292,3,True,
gsm8k-293,0,True,
gsm8k-294,2,True,
gsm8k-294,3,True,
gsm8k-298,0,True,
gsm8k-298,1,True,
gsm8k-308,1,True,
gsm8k-308,2,True,
gsm8k-308,3,False,
gsm8k-308,4,False,
gsm8k-308,5,True,
gsm8k-308,6,True,
gsm8k-308,7,True,
gsm8k-308,8,True,
gsm8k-318,0,True,
gsm8k-318,1,True,
gsm8k-318,2,True,
gsm8k-318,3,True,
gsm8k-318,4,True,
gsm8k-318,5,True,
gsm8k-323,0,True,
gsm8k-323,1,True,
gsm8k-323,2,True,
gsm8k-323,3,True,
gsm8k-323,4,True,
gsm8k-328,0,True,
gsm8k-328,1,True,
gsm8k-328,2,True,
gsm8k-328,3,True,
gsm8k-328,4,True,
gsm8k-328,5,True,
gsm8k-330,0,True,
gsm8k-330,1,True,
gsm8k-330,2,True,
gsm8k-330,3,True,
gsm8k-330,4,True,
gsm8k-33,1,True,
gsm8k-33,2,False,
gsm8k-343,0,True,
gsm8k-343,1,True,
gsm8k-343,2,True,
gsm8k-343,3,True,
gsm8k-344,0,True,
gsm8k-344,1,True,
gsm8k-344,2,True,
gsm8k-344,3,True,
gsm8k-344,4,True,
gsm8k-346,0,True,
gsm8k-346,1,True,
gsm8k-346,2,True,
gsm8k-346,3,True,
gsm8k-346,4,True,
gsm8k-347,0,True,
gsm8k-347,1,True,
gsm8k-347,2,True,
gsm8k-347,3,True,
gsm8k-347,4,True,
gsm8k-347,5,True,
gsm8k-347,6,True,
gsm8k-347,7,True,
gsm8k-353,0,True,
gsm8k-353,1,True,
gsm8k-353,2,True,
gsm8k-353,3,True,
gsm8k-353,4,True,
gsm8k-355,1,True,
gsm8k-355,2,True,
gsm8k-355,3,True,
gsm8k-355,4,True,
gsm8k-355,5,True,
gsm8k-35,0,True,
gsm8k-35,1,True,
gsm8k-35,2,True,
gsm8k-35,3,True,
gsm8k-366,0,True,
gsm8k-366,1,True,
gsm8k-366,2,True,
gsm8k-367,0,True,
gsm8k-367,1,True,
gsm8k-367,2,True,
gsm8k-367,3,True,
gsm8k-367,4,True,
gsm8k-367,5,True,
gsm8k-369,0,True,
gsm8k-369,1,True,
gsm8k-369,2,True,
gsm8k-375,0,True,
gsm8k-375,1,True,
gsm8k-375,2,True,
gsm8k-375,3,True,
gsm8k-375,4,True,
gsm8k-376,1,True,
gsm8k-376,2,True,
gsm8k-376,3,True,
gsm8k-376,4,True,
gsm8k-376,5,True,
gsm8k-378,0,True,
gsm8k-378,1,True,
gsm8k-378,2,True,
gsm8k-378,3,True,
gsm8k-378,4,True,
gsm8k-378,5,True,
gsm8k-378,6,True,
gsm8k-380,0,True,
gsm8k-380,1,True,
gsm8k-380,2,True,
gsm8k-380,3,True,
gsm8k-380,4,True,
gsm8k-399,0,False,
gsm8k-39,0,True,
gsm8k-39,1,True,
gsm8k-39,2,False,
gsm8k-41,0,True,
gsm8k-41,1,False,
gsm8k-49,0,True,
gsm8k-49,1,False,
gsm8k-49,2,True,
gsm8k-52,0,True,
gsm8k-52,1,True,
gsm8k-52,2,True,
gsm8k-52,3,False,
gsm8k-66,0,True,
gsm8k-66,1,True,
gsm8k-66,2,True,
gsm8k-66,3,True,
gsm8k-66,4,True,
gsm8k-66,5,False,
gsm8k-66,6,False,
gsm8k-67,0,True,
gsm8k-67,1,True,
gsm8k-68,0,True,
gsm8k-68,1,False,
gsm8k-68,2,True,
gsm8k-76,0,True,
gsm8k-76,2,False,
gsm8k-76,4,True,
gsm8k-81,1,True,
gsm8k-81,2,True,
gsm8k-81,3,False,
gsm8k-81,4,False,
gsm8k-83,0,True,
gsm8k-83,1,True,
gsm8k-83,2,True,
gsm8k-83,3,False,
gsm8k-8,0,True,
gsm8k-8,1,True,
gsm8k-8,2,False,
gsm8k-91,0,False,
gsm8k-92,0,True,
gsm8k-92,1,True,
gsm8k-92,2,True,
gsm8k-92,3,True,
gsm8k-92,4,False,
gsm8k-93,0,True,
gsm8k-93,1,True,
gsm8k-93,2,True,
gsm8k-93,3,True,
gsm8k-93,4,True,
gsm8k-93,5,False,
math-103,0,True,
math-103,3,True,
math-117,0,True,
math-117,1,True,
math-119,0,True,
math-119,1,True,
math-119,10,True,
math-119,2,True,
math-119,3,True,
math-119,4,True,
math-119,5,True,
math-119,6,True,
math-119,7,True,
math-119,8,True,
math-119,9,True,
math-123,1,True,
math-123,2,True,
math-123,3,True,
math-123,4,True,
math-127,0,False,
math-149,0,True,
math-150,0,True,
math-150,1,True,
math-150,2,False,
math-161,1,True,
math-161,2,True,
math-161,3,True,
math-163,0,True,
math-163,1,True,
math-163,2,True,
math-163,3,False,
math-177,4,True,
math-177,6,True,
math-177,7,False,
math-181,0,False,
math-191,0,True,
math-191,2,True,
math-191,3,False,
math-203,0,True,
math-203,1,False,
math-212,0,True,
math-212,1,False,
math-212,2,True,
math-212,3,False,
math-225,1,True,
math-225,2,True,
math-249,1,True,
math-249,2,False,
math-269,0,True,
math-270,2,True,
math-272,4,False,
math-297,0,True,
math-303,1,False,
math-305,0,False,
math-311,5,True,
math-320,0,True,
math-321,0,True,
math-321,1,True,
math-322,0,True,
math-322,1,True,
math-322,2,True,
math-322,3,False,
math-334,1,True,
math-337,2,False,
math-342,0,True,
math-349,0,True,
math-349,1,True,
math-349,2,True,
math-349,3,False,
math-358,3,False,
math-361,0,True,
math-361,1,True,
math-361,2,True,
math-361,3,True,
math-368,0,True,
math-371,2,True,
math-371,3,False,
math-391,2,False,
math-39,0,False,
math-406,0,True,
math-406,1,False,
math-40,0,True,
math-40,1,True,
math-40,2,True,
math-40,3,False,
math-40,4,False,
math-445,3,True,
math-445,4,True,
math-445,5,False,
math-452,0,True,
math-452,1,True,
math-452,2,True,
math-452,3,False,
math-455,0,True,
math-464,0,False,
math-472,2,True,
math-472,3,True,
math-472,4,True,
math-472,5,True,
math-473,0,False,
math-476,1,False,
math-476,2,True,
math-481,10,False,
math-48,0,True,
math-48,1,False,
math-507,1,True,
math-507,2,True,
math-507,3,True,
math-509,0,True,
math-509,1,True,
math-509,2,True,
math-514,4,True,
math-514,5,True,
math-514,6,True,
math-516,2,False,
math-516,5,True,
math-516,6,True,
math-516,7,True,
math-517,2,True,
math-517,3,True,
math-517,4,True,
math-517,5,True,
math-517,6,True,
math-517,7,True,
math-517,8,True,
math-550,0,True,
math-550,1,True,
math-550,2,True,
math-550,3,False,
math-552,1,True,
math-557,1,True,
math-557,2,True,
math-55,0,True,
math-55,1,True,
math-55,2,False,
math-563,0,False,
math-563,1,True,
math-568,0,True,
math-568,3,False,
math-572,2,True,
math-572,3,True,
math-572,6,True,
math-572,7,True,
math-572,8,True,
math-572,9,True,
math-574,1,True,
math-582,4,False,
math-582,5,False,
math-584,0,True,
math-584,2,True,
math-584,3,True,
math-585,0,True,
math-585,1,True,
math-585,2,True,
math-585,3,True,
math-585,4,True,
math-587,0,True,
math-587,1,False,
math-587,2,True,
math-600,0,True,
math-600,1,False,
math-600,2,False,
math-600,3,False,
math-600,4,True,
math-600,5,True,
math-636,0,True,
math-636,1,True,
math-636,2,True,
math-636,3,True,
math-636,4,True,
math-636,5,True,
math-652,1,True,
math-659,3,True,
math-659,4,True,
math-659,5,True,
math-659,6,True,
math-659,7,True,
math-65,3,True,
math-65,4,True,
math-65,6,False,
math-65,8,False,
math-660,2,True,
math-661,1,True,
math-661,10,True,
math-661,11,True,
math-661,12,True,
math-661,3,True,
math-661,5,True,
math-661,6,True,
math-661,7,True,
math-661,8,True,
math-661,9,True,
math-667,1,True,
math-667,3,True,
math-667,4,True,
math-668,1,True,
math-668,2,True,
math-668,4,True,
math-668,5,True,
math-668,6,True,
math-668,7,True,
math-668,8,True,
math-694,0,True,
math-694,1,True,
math-694,2,True,
math-694,3,True,
math-694,4,True,
math-703,4,True,
math-703,5,True,
math-703,6,True,
math-703,7,True,
math-714,1,True,
math-714,2,True,
math-714,4,True,
math-714,5,True,
math-723,1,True,
math-723,2,True,
math-723,3,True,
math-723,4,True,
math-723,5,True,
math-728,1,True,
math-728,7,True,
math-736,0,True,
math-736,1,True,
math-736,2,True,
math-737,0,True,
math-737,1,True,
math-737,2,True,
math-737,3,True,
math-737,4,True,
math-740,4,True,
math-770,0,True,
math-770,2,False,
math-770,3,True,
math-770,4,True,
math-770,5,True,
math-770,6,True,
math-770,7,True,
math-770,9,False,
math-775,0,True,
math-775,1,True,
math-775,2,True,
math-775,3,True,
math-775,4,True,
math-777,0,True,
math-777,3,True,
math-777,4,True,
math-778,0,True,
math-778,1,True,
math-778,2,True,
math-778,3,True,
math-778,4,True,
math-787,2,True,
math-787,3,True,
math-787,4,True,
math-791,3,False,
math-796,0,True,
math-796,1,True,
math-796,2,True,
math-796,4,True,
math-802,1,True,
math-802,3,True,
math-807,2,False,
math-817,0,True,
math-817,1,True,
math-817,2,True,
math-817,3,True,
math-817,4,True,
math-81,0,True,
math-824,2,True,
math-824,3,True,
math-824,4,True,
math-826,3,True,
math-849,4,False,
math-853,0,True,
math-853,1,True,
math-853,2,True,
math-853,4,True,
math-876,0,True,
math-876,2,True,
math-876,3,True,
math-876,4,True,
math-876,5,True,
math-880,0,True,
math-880,2,True,
math-884,0,False,
math-884,1,False,
math-884,2,True,
math-884,3,True,
math-884,4,True,
math-885,0,True,
math-885,1,True,
math-887,0,True,
math-887,1,True,
math-887,10,True,
math-887,11,True,
math-887,13,True,
math-887,14,True,
math-887,15,True,
math-887,16,True,
math-887,17,True,
math-887,2,True,
math-887,3,True,
math-887,4,True,
math-887,5,True,
math-887,6,True,
math-887,7,True,
math-887,8,True,
math-887,9,True,
math-888,0,True,
math-901,0,True,
math-901,3,True,
math-901,4,True,
math-903,2,True,
math-903,3,False,
math-903,4,False,
math-903,5,True,
math-903,6,True,
math-904,0,True,
math-904,1,True,
math-904,2,True,
math-904,3,True,
math-904,4,True,
math-904,5,True,
math-904,6,True,
math-907,0,True,
math-907,1,True,
math-907,2,True,
math-907,3,True,
math-915,1,True,
math-915,2,True,
math-915,3,True,
math-915,4,True,
math-917,0,True,
math-917,2,True,
math-920,0,True,
math-920,1,True,
math-920,2,True,
math-924,1,True,
math-924,2,True,
math-925,0,True,
math-925,1,False,
math-926,0,True,
math-926,2,True,
math-926,3,True,
math-926,4,False,
math-948,0,False,
math-949,1,True,
math-951,0,True,
math-951,1,True,
math-951,2,True,
math-951,3,True,
math-951,4,True,
math-951,5,True,
math-952,1,True,
math-952,2,True,
math-952,3,False,
math-959,0,True,
math-959,1,True,
math-959,2,True,
math-959,3,True,
math-959,4,True,
math-959,5,True,
math-95,0,True,
math-95,2,True,
math-95,3,False,
math-960,0,True,
math-960,1,True,
math-960,4,True,
math-960,5,True,
math-960,6,True,
math-960,7,True,
math-970,0,True,
math-970,1,True,
math-970,2,True,
math-970,3,True,
math-975,0,True,
math-975,2,True,
math-975,3,True,
math-975,4,True,
math-975,5,True,
math-975,6,True,
math-976,0,True,
math-976,4,True,
math-976,5,True,
math-976,6,True,
math-978,1,True,
math-978,3,True,
math-978,4,True,
math-97,1,False,
math-986,0,True,
math-986,1,True,
math-986,2,True,
math-986,3,True,
math-986,4,True,
math-986,5,True,
math-989,4,True,
math-989,5,True,
math-990,1,True,
math-990,3,True,
math-994,0,True,
math-994,1,False,
math-994,2,True,
math-994,3,True,
math-994,4,True,
math-996,2,True,
math-996,5,True,
olympiadbench-109,1,True,
olympiadbench-109,10,False,
olympiadbench-109,2,False,
olympiadbench-109,3,False,
olympiadbench-109,4,True,
olympiadbench-109,5,True,
olympiadbench-109,6,True,
olympiadbench-109,7,False,
olympiadbench-109,8,True,
olympiadbench-109,9,True,
olympiadbench-118,1,True,
olympiadbench-118,2,False,
olympiadbench-118,4,True,
olympiadbench-118,6,False,
olympiadbench-118,7,True,
olympiadbench-118,8,False,
olympiadbench-137,0,True,
olympiadbench-137,3,True,
olympiadbench-137,4,True,
olympiadbench-137,6,False,
olympiadbench-137,7,False,
olympiadbench-137,8,True,
olympiadbench-137,9,True,
olympiadbench-145,0,False,
olympiadbench-14,10,True,
olympiadbench-14,11,True,
olympiadbench-14,9,False,
olympiadbench-157,0,True,
olympiadbench-157,1,False,
olympiadbench-165,0,True,
olympiadbench-165,1,True,
olympiadbench-165,2,False,
olympiadbench-168,0,True,
olympiadbench-180,0,True,
olympiadbench-180,4,True,
olympiadbench-186,0,True,
olympiadbench-186,1,True,
olympiadbench-186,2,True,
olympiadbench-195,3,False,
olympiadbench-21,4,False,
olympiadbench-21,5,False,
olympiadbench-249,0,True,
olympiadbench-249,1,True,
olympiadbench-268,0,True,
olympiadbench-268,2,True,
olympiadbench-26,2,False,
olympiadbench-286,0,True,
olympiadbench-305,0,True,
olympiadbench-305,1,True,
olympiadbench-305,3,False,
olympiadbench-30,0,True,
olympiadbench-30,2,True,
olympiadbench-317,2,True,
olympiadbench-337,0,True,
olympiadbench-337,8,True,
olympiadbench-347,1,True,
olympiadbench-349,1,False,
olympiadbench-34,2,False,
olympiadbench-351,0,True,
olympiadbench-351,2,False,
olympiadbench-357,1,True,
olympiadbench-357,2,True,
olympiadbench-35,3,True,
olympiadbench-35,4,True,
olympiadbench-361,0,True,
olympiadbench-361,2,True,
olympiadbench-361,3,True,
olympiadbench-379,1,False,
olympiadbench-379,2,True,
olympiadbench-379,3,False,
olympiadbench-379,4,False,
olympiadbench-379,5,False,
olympiadbench-413,0,True,
olympiadbench-413,1,False,
olympiadbench-414,1,True,
olympiadbench-417,0,True,
olympiadbench-423,3,False,
olympiadbench-479,1,True,
olympiadbench-495,6,True,
olympiadbench-497,1,True,
olympiadbench-497,2,True,
olympiadbench-497,4,True,
olympiadbench-497,5,False,
olympiadbench-504,4,True,
olympiadbench-504,5,True,
olympiadbench-504,6,False,
olympiadbench-504,7,True,
olympiadbench-504,8,True,
olympiadbench-510,6,True,
olympiadbench-510,7,True,
olympiadbench-510,8,True,
olympiadbench-510,9,True,
olympiadbench-512,0,True,
olympiadbench-512,3,True,
olympiadbench-512,4,False,
olympiadbench-512,5,True,
olympiadbench-512,6,True,
olympiadbench-517,2,True,
olympiadbench-517,4,True,
olympiadbench-523,0,True,
olympiadbench-523,1,True,
olympiadbench-523,2,True,
olympiadbench-523,3,True,
olympiadbench-527,0,True,
olympiadbench-527,1,True,
olympiadbench-529,2,True,
olympiadbench-531,2,True,
olympiadbench-531,3,True,
olympiadbench-531,5,True,
olympiadbench-531,6,True,
olympiadbench-546,0,True,
olympiadbench-546,1,True,
olympiadbench-546,10,True,
olympiadbench-546,2,True,
olympiadbench-546,3,True,
olympiadbench-546,4,True,
olympiadbench-546,6,True,
olympiadbench-546,7,True,
olympiadbench-546,8,True,
olympiadbench-546,9,True,
olympiadbench-559,4,True,
olympiadbench-55,0,True,
olympiadbench-55,2,True,
olympiadbench-574,5,True,
olympiadbench-577,2,False,
olympiadbench-577,4,False,
olympiadbench-591,0,True,
olympiadbench-591,2,True,
olympiadbench-591,3,True,
olympiadbench-596,14,True,
olympiadbench-598,3,True,
olympiadbench-616,0,True,
olympiadbench-616,1,True,
olympiadbench-616,2,True,
olympiadbench-616,3,True,
olympiadbench-616,4,True,
olympiadbench-617,2,True,
olympiadbench-632,0,True,
olympiadbench-632,1,True,
olympiadbench-632,3,True,
olympiadbench-632,4,True,
olympiadbench-632,5,True,
olympiadbench-638,0,True,
olympiadbench-638,2,True,
olympiadbench-643,0,True,
olympiadbench-643,2,True,
olympiadbench-645,2,True,
olympiadbench-645,4,True,
olympiadbench-645,5,True,
olympiadbench-645,6,True,
olympiadbench-656,3,True,
olympiadbench-656,4,True,
olympiadbench-656,5,True,
olympiadbench-659,1,False,
olympiadbench-668,6,True,
olympiadbench-668,7,True,
olympiadbench-669,6,True,
olympiadbench-669,7,False,
olympiadbench-675,0,True,
olympiadbench-675,1,True,
olympiadbench-675,2,True,
olympiadbench-675,3,True,
olympiadbench-675,4,True,
olympiadbench-675,6,True,
olympiadbench-682,2,True,
olympiadbench-682,3,True,
olympiadbench-682,4,True,
olympiadbench-68,1,True,
olympiadbench-690,0,True,
olympiadbench-690,10,False,
olympiadbench-690,11,False,
olympiadbench-690,4,True,
olympiadbench-690,6,True,
olympiadbench-690,7,True,
olympiadbench-690,9,False,
olympiadbench-69,5,False,
olympiadbench-69,6,False,
olympiadbench-69,7,False,
olympiadbench-70,3,True,
olympiadbench-70,4,True,
olympiadbench-70,5,True,
olympiadbench-70,6,True,
olympiadbench-70,7,True,
olympiadbench-70,8,True,
olympiadbench-713,6,True,
olympiadbench-713,7,True,
olympiadbench-714,0,True,
olympiadbench-714,1,True,
olympiadbench-714,12,True,
olympiadbench-714,13,True,
olympiadbench-714,3,True,
olympiadbench-714,5,True,
olympiadbench-714,6,True,
olympiadbench-723,5,True,
olympiadbench-732,1,True,
olympiadbench-732,4,True,
olympiadbench-732,5,True,
olympiadbench-732,6,True,
olympiadbench-732,7,True,
olympiadbench-746,2,True,
olympiadbench-746,4,True,
olympiadbench-768,6,True,
olympiadbench-768,9,True,
olympiadbench-770,0,True,
olympiadbench-770,1,True,
olympiadbench-770,2,True,
olympiadbench-770,3,True,
olympiadbench-770,4,True,
olympiadbench-770,5,True,
olympiadbench-770,6,True,
olympiadbench-776,0,True,
olympiadbench-776,1,True,
olympiadbench-776,2,True,
olympiadbench-776,3,True,
olympiadbench-776,4,True,
olympiadbench-788,1,False,
olympiadbench-788,2,False,
olympiadbench-788,3,False,
olympiadbench-794,0,True,
olympiadbench-794,1,True,
olympiadbench-794,2,True,
olympiadbench-794,3,True,
olympiadbench-802,10,True,
olympiadbench-802,12,True,
olympiadbench-802,2,True,
olympiadbench-802,3,True,
olympiadbench-802,4,True,
olympiadbench-802,5,True,
olympiadbench-802,6,True,
olympiadbench-802,7,True,
olympiadbench-802,8,True,
olympiadbench-802,9,True,
olympiadbench-805,10,True,
olympiadbench-805,8,True,
olympiadbench-808,1,True,
olympiadbench-809,1,False,
olympiadbench-809,2,True,
olympiadbench-809,3,True,
olympiadbench-812,3,True,
olympiadbench-812,4,True,
olympiadbench-812,5,True,
olympiadbench-812,6,True,
olympiadbench-812,7,True,
olympiadbench-813,2,True,
olympiadbench-813,3,True,
olympiadbench-813,4,True,
olympiadbench-813,5,True,
olympiadbench-820,1,True,
olympiadbench-820,2,True,
olympiadbench-825,1,True,
olympiadbench-825,2,True,
olympiadbench-825,7,True,
olympiadbench-825,8,True,
olympiadbench-841,5,True,
olympiadbench-841,6,True,
olympiadbench-844,1,True,
olympiadbench-844,2,True,
olympiadbench-844,3,True,
olympiadbench-865,1,True,
olympiadbench-865,2,True,
olympiadbench-865,8,True,
olympiadbench-865,9,True,
olympiadbench-869,5,True,
olympiadbench-869,6,True,
olympiadbench-870,0,True,
olympiadbench-870,1,True,
olympiadbench-870,2,True,
olympiadbench-870,3,True,
olympiadbench-870,4,True,
olympiadbench-870,5,True,
olympiadbench-870,6,True,
olympiadbench-872,4,True,
olympiadbench-874,2,True,
olympiadbench-874,3,False,
olympiadbench-874,4,True,
olympiadbench-874,5,True,
olympiadbench-880,0,True,
olympiadbench-880,1,True,
olympiadbench-880,2,True,
olympiadbench-880,3,True,
olympiadbench-880,4,True,
olympiadbench-880,5,True,
olympiadbench-887,1,True,
olympiadbench-887,2,True,
olympiadbench-896,0,True,
olympiadbench-896,2,True,
olympiadbench-896,3,True,
olympiadbench-904,0,True,
olympiadbench-904,1,True,
olympiadbench-904,2,True,
olympiadbench-904,3,True,
olympiadbench-906,8,True,
olympiadbench-920,2,True,
olympiadbench-924,0,True,
olympiadbench-924,2,True,
olympiadbench-929,4,True,
olympiadbench-92,0,True,
olympiadbench-92,5,False,
olympiadbench-935,10,True,
olympiadbench-935,4,True,
olympiadbench-935,5,False,
olympiadbench-935,6,True,
olympiadbench-935,7,False,
olympiadbench-935,8,True,
olympiadbench-935,9,True,
olympiadbench-937,2,True,
olympiadbench-937,3,True,
olympiadbench-937,4,True,
olympiadbench-947,8,False,
olympiadbench-951,0,True,
olympiadbench-951,1,True,
olympiadbench-951,2,True,
olympiadbench-951,3,True,
olympiadbench-951,4,True,
olympiadbench-951,6,True,
olympiadbench-957,0,True,
olympiadbench-957,3,True,
olympiadbench-962,0,True,
olympiadbench-96,1,True,
olympiadbench-96,15,True,
olympiadbench-96,18,True,
olympiadbench-96,19,True,
olympiadbench-96,3,True,
olympiadbench-96,6,True,
olympiadbench-96,7,True,
olympiadbench-970,1,False,
olympiadbench-972,1,True,
olympiadbench-972,3,True,
olympiadbench-972,4,True,
olympiadbench-972,5,True,
olympiadbench-972,6,True,
olympiadbench-995,10,True,
olympiadbench-995,11,True,
olympiadbench-995,12,True,
olympiadbench-995,13,True,
olympiadbench-995,14,True,
olympiadbench-995,16,True,
olympiadbench-995,17,True,
olympiadbench-995,18,True,
olympiadbench-995,19,True,
olympiadbench-995,20,True,
olympiadbench-995,21,True,
olympiadbench-995,22,True,
olympiadbench-995,6,True,
olympiadbench-995,7,True,
olympiadbench-995,8,True,
olympiadbench-995,9,True,
olympiadbench-999,9,True,
omnimath-121,1,False,
omnimath-124,1,True,
omnimath-148,0,True,
omnimath-148,4,True,
omnimath-150,0,True,
omnimath-150,1,True,
omnimath-150,8,False,
omnimath-171,2,True,
omnimath-171,7,False,
omnimath-19,1,True,
omnimath-202,1,True,
omnimath-208,3,False,
omnimath-210,1,True,
omnimath-210,2,True,
omnimath-210,3,False,
omnimath-219,0,True,
omnimath-221,1,True,
omnimath-221,2,True,
omnimath-221,3,True,
omnimath-221,4,True,
omnimath-221,5,False,
omnimath-223,0,True,
omnimath-223,1,True,
omnimath-224,1,True,
omnimath-238,0,True,
omnimath-238,1,True,
omnimath-238,2,True,
omnimath-238,3,True,
omnimath-238,4,True,
omnimath-253,5,True,
omnimath-255,1,True,
omnimath-255,2,False,
omnimath-25,3,True,
omnimath-25,4,True,
omnimath-25,5,False,
omnimath-270,1,False,
omnimath-275,0,True,
omnimath-275,10,True,
omnimath-275,11,True,
omnimath-275,12,True,
omnimath-275,15,True,
omnimath-275,16,False,
omnimath-275,2,False,
omnimath-275,3,True,
omnimath-275,7,True,
omnimath-275,8,True,
omnimath-302,0,True,
omnimath-302,1,True,
omnimath-302,10,False,
omnimath-302,4,True,
omnimath-302,5,False,
omnimath-302,6,False,
omnimath-302,7,False,
omnimath-302,8,False,
omnimath-302,9,False,
omnimath-313,5,False,
omnimath-323,1,False,
omnimath-323,2,False,
omnimath-334,0,True,
omnimath-334,1,True,
omnimath-334,5,True,
omnimath-348,3,False,
omnimath-404,1,True,
omnimath-458,2,True,
omnimath-458,4,True,
omnimath-458,5,True,
omnimath-478,1,True,
omnimath-496,1,True,
omnimath-499,1,True,
omnimath-502,0,True,
omnimath-508,10,True,
omnimath-508,7,True,
omnimath-508,8,True,
omnimath-508,9,True,
omnimath-509,2,True,
omnimath-509,4,True,
omnimath-509,5,True,
omnimath-520,0,True,
omnimath-520,1,True,
omnimath-520,7,True,
omnimath-526,0,True,
omnimath-529,10,False,
omnimath-529,11,True,
omnimath-529,12,True,
omnimath-529,13,True,
omnimath-529,14,True,
omnimath-529,4,False,
omnimath-529,5,True,
omnimath-529,7,False,
omnimath-529,8,True,
omnimath-529,9,True,
omnimath-534,4,True,
omnimath-534,7,True,
omnimath-534,8,True,
omnimath-542,2,True,
omnimath-542,3,True,
omnimath-542,4,True,
omnimath-545,8,True,
omnimath-552,0,True,
omnimath-552,2,True,
omnimath-552,3,True,
omnimath-552,4,True,
omnimath-564,9,False,
omnimath-567,3,True,
omnimath-567,4,True,
omnimath-567,5,True,
omnimath-568,1,True,
omnimath-568,3,True,
omnimath-578,2,False,
omnimath-584,1,True,
omnimath-584,4,True,
omnimath-584,5,True,
omnimath-601,3,False,
omnimath-601,4,True,
omnimath-614,0,False,
omnimath-614,1,True,
omnimath-614,2,True,
omnimath-614,3,True,
omnimath-614,4,True,
omnimath-614,5,True,
omnimath-614,6,True,
omnimath-614,7,True,
omnimath-621,2,False,
omnimath-621,3,False,
omnimath-621,4,False,
omnimath-625,0,True,
omnimath-627,0,True,
omnimath-627,10,True,
omnimath-627,3,True,
omnimath-627,4,False,
omnimath-627,6,True,
omnimath-627,7,True,
omnimath-627,8,True,
omnimath-636,0,True,
omnimath-636,1,True,
omnimath-636,2,True,
omnimath-636,3,True,
omnimath-666,0,True,
omnimath-666,1,True,
omnimath-666,2,True,
omnimath-666,3,True,
omnimath-671,2,True,
omnimath-674,0,True,
omnimath-674,3,True,
omnimath-674,4,True,
omnimath-674,5,True,
omnimath-674,6,True,
omnimath-687,1,False,
omnimath-694,3,True,
omnimath-695,0,True,
omnimath-695,1,True,
omnimath-695,2,True,
omnimath-695,3,True,
omnimath-695,4,True,
omnimath-696,0,True,
omnimath-696,1,True,
omnimath-696,2,True,
omnimath-696,3,True,
omnimath-696,4,True,
omnimath-699,3,True,
omnimath-699,4,False,
omnimath-715,1,True,
omnimath-72,4,False,
omnimath-743,0,True,
omnimath-754,0,True,
omnimath-754,1,True,
omnimath-754,3,True,
omnimath-754,4,True,
omnimath-767,1,True,
omnimath-767,3,True,
omnimath-767,4,False,
omnimath-767,5,True,
omnimath-779,1,True,
omnimath-779,2,True,
omnimath-779,3,True,
omnimath-779,4,True,
omnimath-783,2,True,
omnimath-783,3,True,
omnimath-783,4,True,
omnimath-783,5,True,
omnimath-783,6,True,
omnimath-791,0,True,
omnimath-791,1,True,
omnimath-791,2,True,
omnimath-791,3,True,
omnimath-791,4,True,
omnimath-791,5,True,
omnimath-791,6,True,
omnimath-791,7,True,
omnimath-792,0,False,
omnimath-792,1,True,
omnimath-792,10,True,
omnimath-792,11,True,
omnimath-792,14,True,
omnimath-792,15,True,
omnimath-792,16,True,
omnimath-792,17,True,
omnimath-792,18,True,
omnimath-792,19,False,
omnimath-792,20,True,
omnimath-792,21,True,
omnimath-792,22,True,
omnimath-792,25,True,
omnimath-792,3,True,
omnimath-792,4,True,
omnimath-792,5,True,
omnimath-792,6,True,
omnimath-792,7,True,
omnimath-792,8,True,
omnimath-792,9,True,
omnimath-813,0,True,
omnimath-813,2,True,
omnimath-813,3,True,
omnimath-821,1,False,
omnimath-823,0,False,
omnimath-833,0,True,
omnimath-834,1,True,
omnimath-837,3,True,
omnimath-84,0,False,
omnimath-84,1,False,
omnimath-84,2,False,
omnimath-84,3,True,
omnimath-84,4,False,
omnimath-858,10,True,
omnimath-858,11,True,
omnimath-868,1,True,
omnimath-868,2,True,
omnimath-868,3,False,
omnimath-869,0,True,
omnimath-869,1,True,
omnimath-869,2,True,
omnimath-871,2,False,
omnimath-881,1,True,
omnimath-885,4,False,
omnimath-885,5,True,
omnimath-885,6,True,
omnimath-885,7,True,
omnimath-888,10,False,
omnimath-888,11,True,
omnimath-888,12,True,
omnimath-888,13,False,
omnimath-888,14,True,
omnimath-888,4,True,
omnimath-888,5,True,
omnimath-888,7,True,
omnimath-888,8,True,
omnimath-888,9,True,
omnimath-919,0,True,
omnimath-919,1,True,
omnimath-919,3,True,
omnimath-935,3,True,
omnimath-935,4,True,
omnimath-935,6,True,
omnimath-935,8,True,
omnimath-935,9,True,
omnimath-942,0,True,
omnimath-942,1,True,
omnimath-942,4,True,
omnimath-942,5,True,
omnimath-942,6,True,
omnimath-942,7,True,
omnimath-979,2,True,
omnimath-979,3,True,
omnimath-982,1,True,
omnimath-982,11,True,
omnimath-983,10,True,
omnimath-983,11,False,
omnimath-983,12,False,
omnimath-983,13,True,
omnimath-983,14,True,
omnimath-983,15,True,
omnimath-983,16,True,
omnimath-983,3,True,
omnimath-983,4,True,
omnimath-983,5,False,
omnimath-983,6,True,
omnimath-983,7,True,
omnimath-983,8,False,
omnimath-986,0,False,
omnimath-986,1,True,
omnimath-986,2,False,
omnimath-986,3,True,
omnimath-986,5,True,
omnimath-986,6,True,
omnimath-986,7,False,
omnimath-986,8,False,
omnimath-986,9,False,
omnimath-991,2,True,
omnimath-991,5,True,
omnimath-993,2,True,
omnimath-993,3,True,
omnimath-993,4,True,
